[{"model": "admin.logentry", "pk": 1, "fields": {"action_time": "2020-10-17T13:16:09.247", "user": 1, "content_type": 15, "object_id": "1", "object_repr": "Bearys Institute of Technology, Inoli, Mangalore", "action_flag": 1, "change_message": "[{\"added\": {}}]"}}, {"model": "admin.logentry", "pk": 2, "fields": {"action_time": "2020-10-17T13:16:55.220", "user": 1, "content_type": 24, "object_id": "1", "object_repr": "Google", "action_flag": 1, "change_message": "[{\"added\": {}}]"}}, {"model": "admin.logentry", "pk": 3, "fields": {"action_time": "2020-10-17T13:17:15.007", "user": 1, "content_type": 20, "object_id": "1", "object_repr": "B.E", "action_flag": 1, "change_message": "[{\"added\": {}}]"}}, {"model": "admin.logentry", "pk": 4, "fields": {"action_time": "2020-10-17T13:17:31.310", "user": 1, "content_type": 20, "object_id": "2", "object_repr": "BCA", "action_flag": 1, "change_message": "[{\"added\": {}}]"}}, {"model": "admin.logentry", "pk": 5, "fields": {"action_time": "2020-10-17T13:18:12.469", "user": 1, "content_type": 21, "object_id": "1", "object_repr": "Backend object (1)", "action_flag": 1, "change_message": "[{\"added\": {}}]"}}, {"model": "admin.logentry", "pk": 6, "fields": {"action_time": "2020-10-17T13:19:23.512", "user": 1, "content_type": 19, "object_id": "1", "object_repr": "React.JS", "action_flag": 1, "change_message": "[{\"added\": {}}]"}}, {"model": "admin.logentry", "pk": 7, "fields": {"action_time": "2020-10-17T13:19:34.297", "user": 1, "content_type": 21, "object_id": "2", "object_repr": "Django", "action_flag": 1, "change_message": "[{\"added\": {}}]"}}, {"model": "admin.logentry", "pk": 8, "fields": {"action_time": "2020-10-17T13:19:42.139", "user": 1, "content_type": 19, "object_id": "2", "object_repr": "Vue.JS", "action_flag": 1, "change_message": "[{\"added\": {}}]"}}, {"model": "admin.logentry", "pk": 9, "fields": {"action_time": "2020-10-17T13:19:48.177", "user": 1, "content_type": 19, "object_id": "3", "object_repr": "React.JS", "action_flag": 1, "change_message": "[{\"added\": {}}]"}}, {"model": "admin.logentry", "pk": 10, "fields": {"action_time": "2020-10-17T13:35:51.701", "user": 1, "content_type": 23, "object_id": "1", "object_repr": "musab", "action_flag": 1, "change_message": "[{\"added\": {}}]"}}, {"model": "admin.logentry", "pk": 11, "fields": {"action_time": "2020-10-17T13:36:32.200", "user": 1, "content_type": 23, "object_id": "1", "object_repr": "musab", "action_flag": 2, "change_message": "[]"}}, {"model": "admin.logentry", "pk": 12, "fields": {"action_time": "2020-10-17T13:37:47.569", "user": 1, "content_type": 16, "object_id": "1", "object_repr": "sdfasdf", "action_flag": 1, "change_message": "[{\"added\": {}}]"}}, {"model": "admin.logentry", "pk": 13, "fields": {"action_time": "2020-10-17T14:18:58.597", "user": 1, "content_type": 16, "object_id": "1", "object_repr": ":sdfasdf", "action_flag": 3, "change_message": ""}}, {"model": "admin.logentry", "pk": 14, "fields": {"action_time": "2020-10-17T14:19:25.498", "user": 1, "content_type": 16, "object_id": "2", "object_repr": ":musab", "action_flag": 1, "change_message": "[{\"added\": {}}]"}}, {"model": "admin.logentry", "pk": 15, "fields": {"action_time": "2020-10-17T14:20:09.817", "user": 1, "content_type": 16, "object_id": "2", "object_repr": ":musab", "action_flag": 3, "change_message": ""}}, {"model": "admin.logentry", "pk": 16, "fields": {"action_time": "2020-10-17T14:20:31.509", "user": 1, "content_type": 16, "object_id": "3", "object_repr": ":musab", "action_flag": 1, "change_message": "[{\"added\": {}}]"}}, {"model": "admin.logentry", "pk": 17, "fields": {"action_time": "2020-10-17T14:26:15.293", "user": 1, "content_type": 22, "object_id": "1", "object_repr": ":musab", "action_flag": 1, "change_message": "[{\"added\": {}}]"}}, {"model": "admin.logentry", "pk": 18, "fields": {"action_time": "2020-10-17T14:33:59.778", "user": 1, "content_type": 22, "object_id": "1", "object_repr": ":musab", "action_flag": 3, "change_message": ""}}, {"model": "admin.logentry", "pk": 19, "fields": {"action_time": "2020-10-17T14:34:24.267", "user": 1, "content_type": 22, "object_id": "2", "object_repr": ":musab", "action_flag": 1, "change_message": "[{\"added\": {}}]"}}, {"model": "admin.logentry", "pk": 20, "fields": {"action_time": "2020-10-17T14:37:32.405", "user": 1, "content_type": 23, "object_id": "1", "object_repr": ":musab", "action_flag": 3, "change_message": ""}}, {"model": "admin.logentry", "pk": 21, "fields": {"action_time": "2020-10-17T14:37:54.570", "user": 1, "content_type": 23, "object_id": "2", "object_repr": ":sdfasdf", "action_flag": 1, "change_message": "[{\"added\": {}}]"}}, {"model": "admin.logentry", "pk": 22, "fields": {"action_time": "2020-10-17T14:38:57.524", "user": 1, "content_type": 22, "object_id": "2", "object_repr": ":musab", "action_flag": 3, "change_message": ""}}, {"model": "admin.logentry", "pk": 23, "fields": {"action_time": "2020-10-17T14:39:22.767", "user": 1, "content_type": 22, "object_id": "3", "object_repr": ":musab", "action_flag": 1, "change_message": "[{\"added\": {}}]"}}, {"model": "admin.logentry", "pk": 24, "fields": {"action_time": "2020-10-17T14:39:44.882", "user": 1, "content_type": 16, "object_id": "3", "object_repr": ":musab", "action_flag": 3, "change_message": ""}}, {"model": "admin.logentry", "pk": 25, "fields": {"action_time": "2020-10-17T14:40:06.494", "user": 1, "content_type": 16, "object_id": "4", "object_repr": ":musab", "action_flag": 1, "change_message": "[{\"added\": {}}]"}}, {"model": "admin.logentry", "pk": 26, "fields": {"action_time": "2020-10-17T14:45:19.581", "user": 1, "content_type": 14, "object_id": "3", "object_repr": "staff 1:asdf@gmail.com", "action_flag": 1, "change_message": "[{\"added\": {}}]"}}, {"model": "admin.logentry", "pk": 27, "fields": {"action_time": "2020-10-17T14:46:16.289", "user": 1, "content_type": 16, "object_id": "4", "object_repr": ":musab", "action_flag": 3, "change_message": ""}}, {"model": "admin.logentry", "pk": 28, "fields": {"action_time": "2020-10-17T14:46:37.080", "user": 1, "content_type": 16, "object_id": "5", "object_repr": ":musab", "action_flag": 1, "change_message": "[{\"added\": {}}]"}}, {"model": "admin.logentry", "pk": 29, "fields": {"action_time": "2020-10-17T14:47:14.647", "user": 1, "content_type": 17, "object_id": "1", "object_repr": ":musab", "action_flag": 1, "change_message": "[{\"added\": {}}]"}}, {"model": "admin.logentry", "pk": 30, "fields": {"action_time": "2020-10-17T14:48:38.126", "user": 1, "content_type": 15, "object_id": "2", "object_repr": "P.A.C.E, Mangalore", "action_flag": 1, "change_message": "[{\"added\": {}}]"}}, {"model": "admin.logentry", "pk": 31, "fields": {"action_time": "2020-10-17T15:15:01.763", "user": 1, "content_type": 23, "object_id": "2", "object_repr": ":sdfasdf", "action_flag": 3, "change_message": ""}}, {"model": "admin.logentry", "pk": 32, "fields": {"action_time": "2020-10-17T15:15:30.371", "user": 1, "content_type": 23, "object_id": "3", "object_repr": "CI20-001:sdfasdf", "action_flag": 1, "change_message": "[{\"added\": {}}]"}}, {"model": "admin.logentry", "pk": 33, "fields": {"action_time": "2020-10-17T15:44:27.238", "user": 1, "content_type": 16, "object_id": "5", "object_repr": ":musab", "action_flag": 3, "change_message": ""}}, {"model": "admin.logentry", "pk": 34, "fields": {"action_time": "2020-10-17T15:44:55.520", "user": 1, "content_type": 16, "object_id": "6", "object_repr": "AI20-001:musab", "action_flag": 1, "change_message": "[{\"added\": {}}]"}}, {"model": "admin.logentry", "pk": 35, "fields": {"action_time": "2020-10-17T15:45:45.497", "user": 1, "content_type": 16, "object_id": "7", "object_repr": "AI20-007:tamim", "action_flag": 1, "change_message": "[{\"added\": {}}]"}}, {"model": "admin.logentry", "pk": 36, "fields": {"action_time": "2020-10-17T15:50:47.864", "user": 1, "content_type": 14, "object_id": "1", "object_repr": " :admin@admin.com", "action_flag": 2, "change_message": "[]"}}, {"model": "admin.logentry", "pk": 37, "fields": {"action_time": "2020-10-17T15:58:33.948", "user": 1, "content_type": 17, "object_id": "1", "object_repr": ":musab", "action_flag": 3, "change_message": ""}}, {"model": "admin.logentry", "pk": 38, "fields": {"action_time": "2020-10-17T15:58:58.882", "user": 1, "content_type": 17, "object_id": "2", "object_repr": "AW20-001:musab", "action_flag": 1, "change_message": "[{\"added\": {}}]"}}, {"model": "admin.logentry", "pk": 39, "fields": {"action_time": "2020-10-17T15:59:29.794", "user": 1, "content_type": 17, "object_id": "3", "object_repr": "AW20-002:sdfasdf", "action_flag": 1, "change_message": "[{\"added\": {}}]"}}, {"model": "admin.logentry", "pk": 40, "fields": {"action_time": "2020-10-17T15:59:57.248", "user": 1, "content_type": 16, "object_id": "8", "object_repr": "AI20-008:sdfasdf", "action_flag": 1, "change_message": "[{\"added\": {}}]"}}, {"model": "admin.logentry", "pk": 41, "fields": {"action_time": "2020-10-17T16:01:13.979", "user": 1, "content_type": 16, "object_id": "9", "object_repr": "AI20-009:sdfasdf", "action_flag": 1, "change_message": "[{\"added\": {}}]"}}, {"model": "admin.logentry", "pk": 42, "fields": {"action_time": "2020-10-17T17:39:12.133", "user": 1, "content_type": 14, "object_id": "3", "object_repr": "asdf@gmail.com", "action_flag": 3, "change_message": ""}}, {"model": "admin.logentry", "pk": 43, "fields": {"action_time": "2020-10-17T17:39:29.432", "user": 1, "content_type": 14, "object_id": "1", "object_repr": "admin@admin.com", "action_flag": 2, "change_message": "[{\"changed\": {\"fields\": [\"First name\", \"Last name\"]}}]"}}, {"model": "admin.logentry", "pk": 44, "fields": {"action_time": "2020-10-17T19:45:06.896", "user": 1, "content_type": 19, "object_id": "3", "object_repr": "React.JS", "action_flag": 3, "change_message": ""}}, {"model": "admin.logentry", "pk": 45, "fields": {"action_time": "2020-10-17T20:53:34.786", "user": 1, "content_type": 14, "object_id": "4", "object_repr": "danish.riza0763@gmail.com", "action_flag": 3, "change_message": ""}}, {"model": "admin.logentry", "pk": 46, "fields": {"action_time": "2020-10-17T20:55:43.751", "user": 1, "content_type": 14, "object_id": "5", "object_repr": "danish.riza0763@gmail.com", "action_flag": 3, "change_message": ""}}, {"model": "admin.logentry", "pk": 47, "fields": {"action_time": "2020-10-17T21:06:09.588", "user": 1, "content_type": 14, "object_id": "6", "object_repr": "danish.riza0763@gmail.com", "action_flag": 3, "change_message": ""}}, {"model": "admin.logentry", "pk": 48, "fields": {"action_time": "2020-10-18T13:12:00.160", "user": 1, "content_type": 6, "object_id": "1", "object_repr": "Shagroup.com", "action_flag": 2, "change_message": "[{\"changed\": {\"fields\": [\"Domain name\", \"Display name\"]}}]"}}, {"model": "admin.logentry", "pk": 49, "fields": {"action_time": "2020-10-18T13:12:15.273", "user": 1, "content_type": 14, "object_id": "7", "object_repr": "danish.riza0763@gmail.com", "action_flag": 3, "change_message": ""}}, {"model": "admin.logentry", "pk": 50, "fields": {"action_time": "2020-10-18T13:41:30.817", "user": 1, "content_type": 14, "object_id": "8", "object_repr": "danish.riza0763@gmail.com", "action_flag": 3, "change_message": ""}}, {"model": "admin.logentry", "pk": 51, "fields": {"action_time": "2020-10-18T13:42:06.229", "user": 1, "content_type": 20, "object_id": "2", "object_repr": "BCA-6 sem", "action_flag": 2, "change_message": "[{\"changed\": {\"fields\": [\"Max sem\"]}}]"}}, {"model": "admin.logentry", "pk": 52, "fields": {"action_time": "2020-10-18T13:42:10.418", "user": 1, "content_type": 20, "object_id": "1", "object_repr": "B.E-8 sem", "action_flag": 2, "change_message": "[{\"changed\": {\"fields\": [\"Max sem\"]}}]"}}, {"model": "admin.logentry", "pk": 53, "fields": {"action_time": "2020-10-19T13:46:01.839", "user": 1, "content_type": 15, "object_id": "3", "object_repr": "MIT-USA", "action_flag": 1, "change_message": "[{\"added\": {}}]"}}, {"model": "admin.logentry", "pk": 54, "fields": {"action_time": "2020-10-22T12:50:03.760", "user": 1, "content_type": 25, "object_id": "1", "object_repr": "Stream object (1)", "action_flag": 1, "change_message": "[{\"added\": {}}]"}}, {"model": "admin.logentry", "pk": 55, "fields": {"action_time": "2020-10-22T12:51:07.046", "user": 1, "content_type": 27, "object_id": "1", "object_repr": "PUC object (1)", "action_flag": 1, "change_message": "[{\"added\": {}}]"}}, {"model": "admin.logentry", "pk": 56, "fields": {"action_time": "2020-10-22T12:51:57.140", "user": 1, "content_type": 26, "object_id": "1", "object_repr": "Kanachur Public School", "action_flag": 1, "change_message": "[{\"added\": {}}]"}}, {"model": "admin.logentry", "pk": 57, "fields": {"action_time": "2020-10-22T12:52:12.766", "user": 1, "content_type": 28, "object_id": "1", "object_repr": "CS20-001:musab", "action_flag": 1, "change_message": "[{\"added\": {}}]"}}, {"model": "admin.logentry", "pk": 58, "fields": {"action_time": "2020-10-22T13:00:12.890", "user": 1, "content_type": 28, "object_id": "2", "object_repr": "SP20-002:sdfasdf", "action_flag": 1, "change_message": "[{\"added\": {}}]"}}, {"model": "auth.permission", "pk": 1, "fields": {"name": "Can add log entry", "content_type": 1, "codename": "add_logentry"}}, {"model": "auth.permission", "pk": 2, "fields": {"name": "Can change log entry", "content_type": 1, "codename": "change_logentry"}}, {"model": "auth.permission", "pk": 3, "fields": {"name": "Can delete log entry", "content_type": 1, "codename": "delete_logentry"}}, {"model": "auth.permission", "pk": 4, "fields": {"name": "Can view log entry", "content_type": 1, "codename": "view_logentry"}}, {"model": "auth.permission", "pk": 5, "fields": {"name": "Can add permission", "content_type": 2, "codename": "add_permission"}}, {"model": "auth.permission", "pk": 6, "fields": {"name": "Can change permission", "content_type": 2, "codename": "change_permission"}}, {"model": "auth.permission", "pk": 7, "fields": {"name": "Can delete permission", "content_type": 2, "codename": "delete_permission"}}, {"model": "auth.permission", "pk": 8, "fields": {"name": "Can view permission", "content_type": 2, "codename": "view_permission"}}, {"model": "auth.permission", "pk": 9, "fields": {"name": "Can add group", "content_type": 3, "codename": "add_group"}}, {"model": "auth.permission", "pk": 10, "fields": {"name": "Can change group", "content_type": 3, "codename": "change_group"}}, {"model": "auth.permission", "pk": 11, "fields": {"name": "Can delete group", "content_type": 3, "codename": "delete_group"}}, {"model": "auth.permission", "pk": 12, "fields": {"name": "Can view group", "content_type": 3, "codename": "view_group"}}, {"model": "auth.permission", "pk": 13, "fields": {"name": "Can add content type", "content_type": 4, "codename": "add_contenttype"}}, {"model": "auth.permission", "pk": 14, "fields": {"name": "Can change content type", "content_type": 4, "codename": "change_contenttype"}}, {"model": "auth.permission", "pk": 15, "fields": {"name": "Can delete content type", "content_type": 4, "codename": "delete_contenttype"}}, {"model": "auth.permission", "pk": 16, "fields": {"name": "Can view content type", "content_type": 4, "codename": "view_contenttype"}}, {"model": "auth.permission", "pk": 17, "fields": {"name": "Can add session", "content_type": 5, "codename": "add_session"}}, {"model": "auth.permission", "pk": 18, "fields": {"name": "Can change session", "content_type": 5, "codename": "change_session"}}, {"model": "auth.permission", "pk": 19, "fields": {"name": "Can delete session", "content_type": 5, "codename": "delete_session"}}, {"model": "auth.permission", "pk": 20, "fields": {"name": "Can view session", "content_type": 5, "codename": "view_session"}}, {"model": "auth.permission", "pk": 21, "fields": {"name": "Can add site", "content_type": 6, "codename": "add_site"}}, {"model": "auth.permission", "pk": 22, "fields": {"name": "Can change site", "content_type": 6, "codename": "change_site"}}, {"model": "auth.permission", "pk": 23, "fields": {"name": "Can delete site", "content_type": 6, "codename": "delete_site"}}, {"model": "auth.permission", "pk": 24, "fields": {"name": "Can view site", "content_type": 6, "codename": "view_site"}}, {"model": "auth.permission", "pk": 25, "fields": {"name": "Can add Token", "content_type": 7, "codename": "add_token"}}, {"model": "auth.permission", "pk": 26, "fields": {"name": "Can change Token", "content_type": 7, "codename": "change_token"}}, {"model": "auth.permission", "pk": 27, "fields": {"name": "Can delete Token", "content_type": 7, "codename": "delete_token"}}, {"model": "auth.permission", "pk": 28, "fields": {"name": "Can view Token", "content_type": 7, "codename": "view_token"}}, {"model": "auth.permission", "pk": 29, "fields": {"name": "Can add token", "content_type": 8, "codename": "add_tokenproxy"}}, {"model": "auth.permission", "pk": 30, "fields": {"name": "Can change token", "content_type": 8, "codename": "change_tokenproxy"}}, {"model": "auth.permission", "pk": 31, "fields": {"name": "Can delete token", "content_type": 8, "codename": "delete_tokenproxy"}}, {"model": "auth.permission", "pk": 32, "fields": {"name": "Can view token", "content_type": 8, "codename": "view_tokenproxy"}}, {"model": "auth.permission", "pk": 33, "fields": {"name": "Can add email address", "content_type": 9, "codename": "add_emailaddress"}}, {"model": "auth.permission", "pk": 34, "fields": {"name": "Can change email address", "content_type": 9, "codename": "change_emailaddress"}}, {"model": "auth.permission", "pk": 35, "fields": {"name": "Can delete email address", "content_type": 9, "codename": "delete_emailaddress"}}, {"model": "auth.permission", "pk": 36, "fields": {"name": "Can view email address", "content_type": 9, "codename": "view_emailaddress"}}, {"model": "auth.permission", "pk": 37, "fields": {"name": "Can add email confirmation", "content_type": 10, "codename": "add_emailconfirmation"}}, {"model": "auth.permission", "pk": 38, "fields": {"name": "Can change email confirmation", "content_type": 10, "codename": "change_emailconfirmation"}}, {"model": "auth.permission", "pk": 39, "fields": {"name": "Can delete email confirmation", "content_type": 10, "codename": "delete_emailconfirmation"}}, {"model": "auth.permission", "pk": 40, "fields": {"name": "Can view email confirmation", "content_type": 10, "codename": "view_emailconfirmation"}}, {"model": "auth.permission", "pk": 41, "fields": {"name": "Can add social account", "content_type": 11, "codename": "add_socialaccount"}}, {"model": "auth.permission", "pk": 42, "fields": {"name": "Can change social account", "content_type": 11, "codename": "change_socialaccount"}}, {"model": "auth.permission", "pk": 43, "fields": {"name": "Can delete social account", "content_type": 11, "codename": "delete_socialaccount"}}, {"model": "auth.permission", "pk": 44, "fields": {"name": "Can view social account", "content_type": 11, "codename": "view_socialaccount"}}, {"model": "auth.permission", "pk": 45, "fields": {"name": "Can add social application", "content_type": 12, "codename": "add_socialapp"}}, {"model": "auth.permission", "pk": 46, "fields": {"name": "Can change social application", "content_type": 12, "codename": "change_socialapp"}}, {"model": "auth.permission", "pk": 47, "fields": {"name": "Can delete social application", "content_type": 12, "codename": "delete_socialapp"}}, {"model": "auth.permission", "pk": 48, "fields": {"name": "Can view social application", "content_type": 12, "codename": "view_socialapp"}}, {"model": "auth.permission", "pk": 49, "fields": {"name": "Can add social application token", "content_type": 13, "codename": "add_socialtoken"}}, {"model": "auth.permission", "pk": 50, "fields": {"name": "Can change social application token", "content_type": 13, "codename": "change_socialtoken"}}, {"model": "auth.permission", "pk": 51, "fields": {"name": "Can delete social application token", "content_type": 13, "codename": "delete_socialtoken"}}, {"model": "auth.permission", "pk": 52, "fields": {"name": "Can view social application token", "content_type": 13, "codename": "view_socialtoken"}}, {"model": "auth.permission", "pk": 53, "fields": {"name": "Can add user", "content_type": 14, "codename": "add_user"}}, {"model": "auth.permission", "pk": 54, "fields": {"name": "Can change user", "content_type": 14, "codename": "change_user"}}, {"model": "auth.permission", "pk": 55, "fields": {"name": "Can delete user", "content_type": 14, "codename": "delete_user"}}, {"model": "auth.permission", "pk": 56, "fields": {"name": "Can view user", "content_type": 14, "codename": "view_user"}}, {"model": "auth.permission", "pk": 57, "fields": {"name": "Can add college", "content_type": 15, "codename": "add_college"}}, {"model": "auth.permission", "pk": 58, "fields": {"name": "Can change college", "content_type": 15, "codename": "change_college"}}, {"model": "auth.permission", "pk": 59, "fields": {"name": "Can delete college", "content_type": 15, "codename": "delete_college"}}, {"model": "auth.permission", "pk": 60, "fields": {"name": "Can view college", "content_type": 15, "codename": "view_college"}}, {"model": "auth.permission", "pk": 61, "fields": {"name": "Can add academic internship", "content_type": 16, "codename": "add_academicinternship"}}, {"model": "auth.permission", "pk": 62, "fields": {"name": "Can change academic internship", "content_type": 16, "codename": "change_academicinternship"}}, {"model": "auth.permission", "pk": 63, "fields": {"name": "Can delete academic internship", "content_type": 16, "codename": "delete_academicinternship"}}, {"model": "auth.permission", "pk": 64, "fields": {"name": "Can view academic internship", "content_type": 16, "codename": "view_academicinternship"}}, {"model": "auth.permission", "pk": 65, "fields": {"name": "Can add academic workshop", "content_type": 17, "codename": "add_academicworkshop"}}, {"model": "auth.permission", "pk": 66, "fields": {"name": "Can change academic workshop", "content_type": 17, "codename": "change_academicworkshop"}}, {"model": "auth.permission", "pk": 67, "fields": {"name": "Can delete academic workshop", "content_type": 17, "codename": "delete_academicworkshop"}}, {"model": "auth.permission", "pk": 68, "fields": {"name": "Can view academic workshop", "content_type": 17, "codename": "view_academicworkshop"}}, {"model": "auth.permission", "pk": 69, "fields": {"name": "Can add cognitive workshop", "content_type": 18, "codename": "add_cognitiveworkshop"}}, {"model": "auth.permission", "pk": 70, "fields": {"name": "Can change cognitive workshop", "content_type": 18, "codename": "change_cognitiveworkshop"}}, {"model": "auth.permission", "pk": 71, "fields": {"name": "Can delete cognitive workshop", "content_type": 18, "codename": "delete_cognitiveworkshop"}}, {"model": "auth.permission", "pk": 72, "fields": {"name": "Can view cognitive workshop", "content_type": 18, "codename": "view_cognitiveworkshop"}}, {"model": "auth.permission", "pk": 73, "fields": {"name": "Can add frontend", "content_type": 19, "codename": "add_frontend"}}, {"model": "auth.permission", "pk": 74, "fields": {"name": "Can change frontend", "content_type": 19, "codename": "change_frontend"}}, {"model": "auth.permission", "pk": 75, "fields": {"name": "Can delete frontend", "content_type": 19, "codename": "delete_frontend"}}, {"model": "auth.permission", "pk": 76, "fields": {"name": "Can view frontend", "content_type": 19, "codename": "view_frontend"}}, {"model": "auth.permission", "pk": 77, "fields": {"name": "Can add course", "content_type": 20, "codename": "add_course"}}, {"model": "auth.permission", "pk": 78, "fields": {"name": "Can change course", "content_type": 20, "codename": "change_course"}}, {"model": "auth.permission", "pk": 79, "fields": {"name": "Can delete course", "content_type": 20, "codename": "delete_course"}}, {"model": "auth.permission", "pk": 80, "fields": {"name": "Can view course", "content_type": 20, "codename": "view_course"}}, {"model": "auth.permission", "pk": 81, "fields": {"name": "Can add backend", "content_type": 21, "codename": "add_backend"}}, {"model": "auth.permission", "pk": 82, "fields": {"name": "Can change backend", "content_type": 21, "codename": "change_backend"}}, {"model": "auth.permission", "pk": 83, "fields": {"name": "Can delete backend", "content_type": 21, "codename": "delete_backend"}}, {"model": "auth.permission", "pk": 84, "fields": {"name": "Can view backend", "content_type": 21, "codename": "view_backend"}}, {"model": "auth.permission", "pk": 85, "fields": {"name": "Can add employee internship", "content_type": 22, "codename": "add_employeeinternship"}}, {"model": "auth.permission", "pk": 86, "fields": {"name": "Can change employee internship", "content_type": 22, "codename": "change_employeeinternship"}}, {"model": "auth.permission", "pk": 87, "fields": {"name": "Can delete employee internship", "content_type": 22, "codename": "delete_employeeinternship"}}, {"model": "auth.permission", "pk": 88, "fields": {"name": "Can view employee internship", "content_type": 22, "codename": "view_employeeinternship"}}, {"model": "auth.permission", "pk": 89, "fields": {"name": "Can add cognitive internship", "content_type": 23, "codename": "add_cognitiveinternship"}}, {"model": "auth.permission", "pk": 90, "fields": {"name": "Can change cognitive internship", "content_type": 23, "codename": "change_cognitiveinternship"}}, {"model": "auth.permission", "pk": 91, "fields": {"name": "Can delete cognitive internship", "content_type": 23, "codename": "delete_cognitiveinternship"}}, {"model": "auth.permission", "pk": 92, "fields": {"name": "Can view cognitive internship", "content_type": 23, "codename": "view_cognitiveinternship"}}, {"model": "auth.permission", "pk": 93, "fields": {"name": "Can add company", "content_type": 24, "codename": "add_company"}}, {"model": "auth.permission", "pk": 94, "fields": {"name": "Can change company", "content_type": 24, "codename": "change_company"}}, {"model": "auth.permission", "pk": 95, "fields": {"name": "Can delete company", "content_type": 24, "codename": "delete_company"}}, {"model": "auth.permission", "pk": 96, "fields": {"name": "Can view company", "content_type": 24, "codename": "view_company"}}, {"model": "auth.permission", "pk": 97, "fields": {"name": "Can add stream", "content_type": 25, "codename": "add_stream"}}, {"model": "auth.permission", "pk": 98, "fields": {"name": "Can change stream", "content_type": 25, "codename": "change_stream"}}, {"model": "auth.permission", "pk": 99, "fields": {"name": "Can delete stream", "content_type": 25, "codename": "delete_stream"}}, {"model": "auth.permission", "pk": 100, "fields": {"name": "Can view stream", "content_type": 25, "codename": "view_stream"}}, {"model": "auth.permission", "pk": 101, "fields": {"name": "Can add sslc", "content_type": 26, "codename": "add_sslc"}}, {"model": "auth.permission", "pk": 102, "fields": {"name": "Can change sslc", "content_type": 26, "codename": "change_sslc"}}, {"model": "auth.permission", "pk": 103, "fields": {"name": "Can delete sslc", "content_type": 26, "codename": "delete_sslc"}}, {"model": "auth.permission", "pk": 104, "fields": {"name": "Can view sslc", "content_type": 26, "codename": "view_sslc"}}, {"model": "auth.permission", "pk": 105, "fields": {"name": "Can add puc", "content_type": 27, "codename": "add_puc"}}, {"model": "auth.permission", "pk": 106, "fields": {"name": "Can change puc", "content_type": 27, "codename": "change_puc"}}, {"model": "auth.permission", "pk": 107, "fields": {"name": "Can delete puc", "content_type": 27, "codename": "delete_puc"}}, {"model": "auth.permission", "pk": 108, "fields": {"name": "Can view puc", "content_type": 27, "codename": "view_puc"}}, {"model": "auth.permission", "pk": 109, "fields": {"name": "Can add student project", "content_type": 28, "codename": "add_studentproject"}}, {"model": "auth.permission", "pk": 110, "fields": {"name": "Can change student project", "content_type": 28, "codename": "change_studentproject"}}, {"model": "auth.permission", "pk": 111, "fields": {"name": "Can delete student project", "content_type": 28, "codename": "delete_studentproject"}}, {"model": "auth.permission", "pk": 112, "fields": {"name": "Can view student project", "content_type": 28, "codename": "view_studentproject"}}, {"model": "contenttypes.contenttype", "pk": 1, "fields": {"app_label": "admin", "model": "logentry"}}, {"model": "contenttypes.contenttype", "pk": 2, "fields": {"app_label": "auth", "model": "permission"}}, {"model": "contenttypes.contenttype", "pk": 3, "fields": {"app_label": "auth", "model": "group"}}, {"model": "contenttypes.contenttype", "pk": 4, "fields": {"app_label": "contenttypes", "model": "contenttype"}}, {"model": "contenttypes.contenttype", "pk": 5, "fields": {"app_label": "sessions", "model": "session"}}, {"model": "contenttypes.contenttype", "pk": 6, "fields": {"app_label": "sites", "model": "site"}}, {"model": "contenttypes.contenttype", "pk": 7, "fields": {"app_label": "authtoken", "model": "token"}}, {"model": "contenttypes.contenttype", "pk": 8, "fields": {"app_label": "authtoken", "model": "tokenproxy"}}, {"model": "contenttypes.contenttype", "pk": 9, "fields": {"app_label": "account", "model": "emailaddress"}}, {"model": "contenttypes.contenttype", "pk": 10, "fields": {"app_label": "account", "model": "emailconfirmation"}}, {"model": "contenttypes.contenttype", "pk": 11, "fields": {"app_label": "socialaccount", "model": "socialaccount"}}, {"model": "contenttypes.contenttype", "pk": 12, "fields": {"app_label": "socialaccount", "model": "socialapp"}}, {"model": "contenttypes.contenttype", "pk": 13, "fields": {"app_label": "socialaccount", "model": "socialtoken"}}, {"model": "contenttypes.contenttype", "pk": 14, "fields": {"app_label": "users", "model": "user"}}, {"model": "contenttypes.contenttype", "pk": 15, "fields": {"app_label": "programs", "model": "college"}}, {"model": "contenttypes.contenttype", "pk": 16, "fields": {"app_label": "programs", "model": "academicinternship"}}, {"model": "contenttypes.contenttype", "pk": 17, "fields": {"app_label": "programs", "model": "academicworkshop"}}, {"model": "contenttypes.contenttype", "pk": 18, "fields": {"app_label": "programs", "model": "cognitiveworkshop"}}, {"model": "contenttypes.contenttype", "pk": 19, "fields": {"app_label": "programs", "model": "frontend"}}, {"model": "contenttypes.contenttype", "pk": 20, "fields": {"app_label": "programs", "model": "course"}}, {"model": "contenttypes.contenttype", "pk": 21, "fields": {"app_label": "programs", "model": "backend"}}, {"model": "contenttypes.contenttype", "pk": 22, "fields": {"app_label": "programs", "model": "employeeinternship"}}, {"model": "contenttypes.contenttype", "pk": 23, "fields": {"app_label": "programs", "model": "cognitiveinternship"}}, {"model": "contenttypes.contenttype", "pk": 24, "fields": {"app_label": "programs", "model": "company"}}, {"model": "contenttypes.contenttype", "pk": 25, "fields": {"app_label": "programs", "model": "stream"}}, {"model": "contenttypes.contenttype", "pk": 26, "fields": {"app_label": "student_projects", "model": "sslc"}}, {"model": "contenttypes.contenttype", "pk": 27, "fields": {"app_label": "student_projects", "model": "puc"}}, {"model": "contenttypes.contenttype", "pk": 28, "fields": {"app_label": "student_projects", "model": "studentproject"}}, {"model": "sessions.session", "pk": "1c3yfretrp742g67po3bm3qz6yfhed1g", "fields": {"session_data": ".eJxVjEEOwiAUBe_C2hA-gQIu3XsG8oCPVE2blHZlvLs26UK3b2beS0Rsa4tb5yWORZyFE6ffLSE_eNpBuWO6zTLP07qMSe6KPGiX17nw83K4fwcNvX3rATVwIkvFA6xYmYHJsyEwyGmna7UmaeSkKXBVxgYm6IBcPansxPsDAyQ4gg:1kToHu:fdzJSY2Z_D3Ur5w4PSzD0z1G_1tGNpGwxy0Z_1ZHFxY", "expire_date": "2020-10-31T21:08:30.032"}}, {"model": "sessions.session", "pk": "2xi9oenr6zj7es1ny9b7e9jnvprzvtxm", "fields": {"session_data": ".eJxVjDsOwjAQRO_iGlleG_8o6TmDtV5vcAA5UpxUiLuTSCmgnHlv5i0SrktNa-c5jUVcBIjTb5eRntx2UB7Y7pOkqS3zmOWuyIN2eZsKv66H-3dQsddtTag8e6OdjcNgAmzJOQ1IFigbBdEaZo-RlYMIwVqtqJw9q0whRELx-QLHYTdC:1kU4iw:TLKu1NzO2YSZo1Dravpf4L5UCTc1qxw1H2oOxjdnYiw", "expire_date": "2020-11-01T14:41:30.258"}}, {"model": "sessions.session", "pk": "qajv3qhm7n9uiyeoc0zrl2ek5k77rmmd", "fields": {"session_data": ".eJxVjDsOwjAQRO_iGlleG_8o6TmDtV5vcAA5UpxUiLuTSCmgnHlv5i0SrktNa-c5jUVcBIjTb5eRntx2UB7Y7pOkqS3zmOWuyIN2eZsKv66H-3dQsddtTag8e6OdjcNgAmzJOQ1IFigbBdEaZo-RlYMIwVqtqJw9q0whRELx-QLHYTdC:1kU3mn:EfH28ccAylaH_mqsYSIW7e8sIveOvA82I_A_Ip6iVuI", "expire_date": "2020-11-01T13:41:25.812"}}, {"model": "sites.site", "pk": 1, "fields": {"domain": "Shagroup.com", "name": "Sha Group"}}, {"model": "authtoken.token", "pk": "02d2060061a557dbf430947ea812d7e6395a7584", "fields": {"user": 1, "created": "2020-10-18T14:41:30.117"}}, {"model": "authtoken.token", "pk": "e90229fa28bb2bf653c4e212d81a03f0ae411c3d", "fields": {"user": 2, "created": "2020-10-16T20:55:16.027"}}, {"model": "account.emailaddress", "pk": 1, "fields": {"user": 2, "email": "tamim@gmail.com", "verified": false, "primary": true}}, {"model": "users.user", "pk": 1, "fields": {"password": "pbkdf2_sha256$216000$cNOqiDOFkClc$TBt8anHLgJv0tIzG7rE6RsUT5vlIF0YKZMCQDndgLWU=", "last_login": "2020-10-18T14:41:30.198", "is_superuser": true, "first_name": "admin", "last_name": "admin", "is_staff": true, "is_active": true, "date_joined": "2020-10-16T20:40:05", "email": "admin@admin.com", "department": 0, "role": 0, "groups": [], "user_permissions": []}}, {"model": "users.user", "pk": 2, "fields": {"password": "pbkdf2_sha256$216000$JR1wQOHwZ9gM$AqH3Mkas8uBB77l6xmwuIn6qbjo3Y7LUD5ds3vGCmzQ=", "last_login": "2020-10-17T17:22:16.317", "is_superuser": false, "first_name": "mohd", "last_name": "tamim", "is_staff": false, "is_active": true, "date_joined": "2020-10-16T20:55:15.358", "email": "tamim@gmail.com", "department": 0, "role": 0, "groups": [], "user_permissions": []}}, {"model": "programs.college", "pk": 1, "fields": {"name": "Bearys Institute of Technology", "place": "Inoli, Mangalore"}}, {"model": "programs.college", "pk": 2, "fields": {"name": "P.A.C.E", "place": "Mangalore"}}, {"model": "programs.college", "pk": 3, "fields": {"name": "MIT", "place": "USA"}}, {"model": "programs.course", "pk": 1, "fields": {"name": "B.E", "max_sem": 8}}, {"model": "programs.course", "pk": 2, "fields": {"name": "BCA", "max_sem": 6}}, {"model": "programs.stream", "pk": 1, "fields": {"course": 1, "name": "CSE"}}, {"model": "programs.stream", "pk": 2, "fields": {"course": 2, "name": "Business"}}, {"model": "programs.company", "pk": 1, "fields": {"name": "Google", "place": "USA", "website": null}}, {"model": "programs.frontend", "pk": 1, "fields": {"name": "React.JS"}}, {"model": "programs.frontend", "pk": 2, "fields": {"name": "Vue.JS"}}, {"model": "programs.frontend", "pk": 4, "fields": {"name": "Bootstrap"}}, {"model": "programs.backend", "pk": 1, "fields": {"name": "PHP"}}, {"model": "programs.backend", "pk": 2, "fields": {"name": "Django"}}, {"model": "programs.academicinternship", "pk": 6, "fields": {"name": "musab", "profile_pic": "profile_pic/default.png", "address": "3-84, Shet House", "contact_1": "1234567890", "contact_2": "2342432424", "email": "asdf@gmail.com", "gaurdian_name": "asdf", "guardian_contact": "6787654567", "college": 2, "course": 1, "semester": 3, "register_no": "AI20-001", "start_date": "2020-09-30", "end_date": "2020-09-15", "from_time": "10:17:43", "to_time": "06:00:00", "frontend": 2, "backend": 2, "actual_fees": 3.0, "concession": 3.0, "date_of_admission": "2020-10-17"}}, {"model": "programs.academicinternship", "pk": 7, "fields": {"name": "tamim", "profile_pic": "profile_pic/95950d3a59362c5daea4d8b070be2284_large.jpeg", "address": "3-84, Shet House", "contact_1": "1234567890", "contact_2": null, "email": null, "gaurdian_name": "adbul", "guardian_contact": "1234567890", "college": 1, "course": 1, "semester": 4, "register_no": "AI20-007", "start_date": "2020-10-17", "end_date": "2020-10-17", "from_time": "15:45:38", "to_time": "15:45:38", "frontend": 1, "backend": 1, "actual_fees": 4.0, "concession": 2.0, "date_of_admission": "2020-10-17"}}, {"model": "programs.academicinternship", "pk": 8, "fields": {"name": "sdfasdf", "profile_pic": "profile_pic/default.png", "address": "3-84, Shet House", "contact_1": "1234567890", "contact_2": null, "email": null, "gaurdian_name": "asdf", "guardian_contact": "6787654567", "college": 1, "course": 1, "semester": 4, "register_no": "AI20-008", "start_date": "2020-10-17", "end_date": "2020-10-17", "from_time": "15:59:50", "to_time": "15:59:51", "frontend": 2, "backend": 1, "actual_fees": 4.0, "concession": 4.0, "date_of_admission": "2020-10-17"}}, {"model": "programs.academicinternship", "pk": 9, "fields": {"name": "sdfasdf", "profile_pic": "profile_pic/default.png", "address": "3-84, Shet House", "contact_1": "1234567890", "contact_2": "2342432424", "email": "asdf@gmail.com", "gaurdian_name": "asdf", "guardian_contact": "1234567890", "college": 1, "course": 2, "semester": 2, "register_no": "AI20-009", "start_date": "2020-10-17", "end_date": "2020-10-17", "from_time": "16:00:57", "to_time": "16:00:57", "frontend": 2, "backend": 1, "actual_fees": 4.0, "concession": 4.0, "date_of_admission": "2020-10-17"}}, {"model": "programs.cognitiveinternship", "pk": 3, "fields": {"name": "sdfasdf", "profile_pic": "profile_pic/default.png", "address": "3-84, Shet House", "contact_1": "1234567890", "contact_2": null, "email": null, "gaurdian_name": "asdf", "guardian_contact": "6787654567", "college": 2, "course": 1, "semester": 4, "register_no": "CI20-001", "start_date": "2020-09-30", "end_date": "2020-09-15", "from_time": "15:15:16", "to_time": "15:15:17", "frontend": 1, "backend": 1, "actual_fees": 5.0, "concession": 5.0, "date_of_admission": "2020-10-17", "no_of_months": 4}}, {"model": "programs.cognitiveinternship", "pk": 4, "fields": {"name": "musab", "profile_pic": "profile_pic/3d-abstract_hdwallpaper_dark-assassin_69687.jpg", "address": "3-84, Shet House", "contact_1": "1234567890", "contact_2": "1234567890", "email": "tamim@gmail.com", "gaurdian_name": "asdf", "guardian_contact": "6787654567", "college": 1, "course": 1, "semester": 1, "register_no": "CI20-002", "start_date": "2020-10-17", "end_date": "2020-10-17", "from_time": "04:33:00", "to_time": "16:33:00", "frontend": 1, "backend": 1, "actual_fees": 3.0, "concession": 3.0, "date_of_admission": "2020-10-17", "no_of_months": 4}}, {"model": "programs.cognitiveinternship", "pk": 5, "fields": {"name": "musab", "profile_pic": "profile_pic/415518.jpg", "address": "3-84, Shet House", "contact_1": "1234567890", "contact_2": "1234567890", "email": "tamim@gmail.com", "gaurdian_name": "asdf", "guardian_contact": "6787654567", "college": 1, "course": 1, "semester": 0, "register_no": "CI20-003", "start_date": "2020-10-17", "end_date": "2020-10-17", "from_time": "04:33:00", "to_time": "16:33:00", "frontend": 1, "backend": 1, "actual_fees": 3.0, "concession": 3.0, "date_of_admission": "2020-10-17", "no_of_months": 4}}, {"model": "programs.cognitiveinternship", "pk": 6, "fields": {"name": "musab", "profile_pic": "profile_pic/default.png", "address": "3-84, Shet House", "contact_1": "1234567890", "contact_2": "1234567890", "email": "tamim@gmail.com", "gaurdian_name": "asdf", "guardian_contact": "6787654567", "college": 1, "course": 1, "semester": 0, "register_no": "CI20-004", "start_date": "2020-10-17", "end_date": "2020-10-17", "from_time": "04:33:00", "to_time": "16:33:00", "frontend": 1, "backend": 1, "actual_fees": 3.0, "concession": 3.0, "date_of_admission": "2020-10-17", "no_of_months": 4}}, {"model": "programs.cognitiveinternship", "pk": 7, "fields": {"name": "musab", "profile_pic": "profile_pic/443779.jpg", "address": "3-84, Shet House", "contact_1": "1234567890", "contact_2": "1234567890", "email": "tamim@gmail.com", "gaurdian_name": "asdf", "guardian_contact": "6787654567", "college": 1, "course": 1, "semester": 1, "register_no": "CI20-005", "start_date": "2020-10-17", "end_date": "2020-10-17", "from_time": "04:33:00", "to_time": "16:33:00", "frontend": 1, "backend": 1, "actual_fees": 3.0, "concession": 3.0, "date_of_admission": "2020-10-17", "no_of_months": 4}}, {"model": "programs.cognitiveinternship", "pk": 8, "fields": {"name": "tamim", "profile_pic": "profile_pic/555190.jpg", "address": "3-84, Shet House", "contact_1": "1234567890", "contact_2": "", "email": "", "gaurdian_name": "ansari", "guardian_contact": "6787654567", "college": 2, "course": 2, "semester": 2, "register_no": "CI20-006", "start_date": "2020-10-17", "end_date": "2020-10-17", "from_time": "19:37:00", "to_time": "07:37:00", "frontend": 1, "backend": 2, "actual_fees": 7.0, "concession": 7.0, "date_of_admission": "2020-10-17", "no_of_months": 5}}, {"model": "programs.cognitiveinternship", "pk": 9, "fields": {"name": "tamim", "profile_pic": "profile_pic/1904235.jpg", "address": "3-84, Shet House", "contact_1": "1234567890", "contact_2": "", "email": "", "gaurdian_name": "ansari", "guardian_contact": "6787654567", "college": 2, "course": 2, "semester": 2, "register_no": "CI20-007", "start_date": "2020-10-17", "end_date": "2020-10-17", "from_time": "19:37:00", "to_time": "07:37:00", "frontend": 1, "backend": 2, "actual_fees": 7.0, "concession": 7.0, "date_of_admission": "2020-10-17", "no_of_months": 5}}, {"model": "programs.cognitiveinternship", "pk": 10, "fields": {"name": "musab", "profile_pic": "profile_pic/Screenshot_41.png", "address": "3-84, Shet House", "contact_1": "1234567890", "contact_2": "2342432424", "email": "musab@gmail.com", "gaurdian_name": "adbul", "guardian_contact": "6787654567", "college": 2, "course": 1, "semester": 2, "register_no": "CI20-008", "start_date": "2020-10-20", "end_date": "2020-10-20", "from_time": "09:07:00", "to_time": "21:05:00", "frontend": 2, "backend": 1, "actual_fees": 2.0, "concession": 4.0, "date_of_admission": "2020-10-20", "no_of_months": 3}}, {"model": "programs.cognitiveinternship", "pk": 11, "fields": {"name": "musab123", "profile_pic": "profile_pic/default.png", "address": "3-84, Shet House", "contact_1": "1234567890", "contact_2": "2342432424", "email": "musab@gmail.com", "gaurdian_name": "adbul", "guardian_contact": "6787654567", "college": 1, "course": 1, "semester": 2, "register_no": "CI20-009", "start_date": "2020-10-20", "end_date": "2020-10-20", "from_time": "09:07:00", "to_time": "21:05:00", "frontend": 2, "backend": 1, "actual_fees": 2.0, "concession": 4.0, "date_of_admission": "2020-10-20", "no_of_months": 3}}, {"model": "programs.cognitiveinternship", "pk": 12, "fields": {"name": "sdfasdf", "profile_pic": "profile_pic/default.png", "address": "3-84, Shet House", "contact_1": "1234567890", "contact_2": "", "email": "asdf@gmail.com", "gaurdian_name": "asdf", "guardian_contact": "1234567890", "college": 1, "course": 1, "semester": 8, "register_no": "CI20-010", "start_date": "2020-10-21", "end_date": "2020-10-22", "from_time": "09:26:00", "to_time": "21:25:00", "frontend": 1, "backend": 1, "actual_fees": 4.0, "concession": 4.0, "date_of_admission": "2020-10-21", "no_of_months": 4}}, {"model": "programs.employeeinternship", "pk": 3, "fields": {"name": "musab", "profile_pic": "profile_pic/default.png", "address": "3-84, Shet House", "contact_1": "1234567890", "contact_2": null, "email": null, "gaurdian_name": "adbul", "guardian_contact": "6787654567", "company": 1, "role": "Coder", "register_no": "", "start_date": "2020-09-30", "end_date": "2020-09-15", "from_time": "14:39:15", "to_time": "14:39:15", "frontend": 1, "backend": 1, "actual_fees": 3.0, "concession": 3.0, "date_of_admission": "2020-10-17", "no_of_months": 3}}, {"model": "programs.academicworkshop", "pk": 2, "fields": {"name": "musab", "profile_pic": "profile_pic/default.png", "address": "3-84, Shet House", "contact_1": "1234567890", "contact_2": "2342432424", "email": null, "gaurdian_name": "asdf", "guardian_contact": "6787654567", "college": 1, "course": 2, "semester": 3, "register_no": "AW20-001", "start_date": "2020-10-17", "end_date": "2020-10-17", "from_time": "15:58:48", "to_time": "15:58:48", "frontend": 2, "backend": 1, "actual_fees": 3.0, "concession": 3.0, "date_of_workshop": "2020-10-17", "no_of_days": 4, "no_of_hours": 4}}, {"model": "programs.academicworkshop", "pk": 3, "fields": {"name": "sdfasdf", "profile_pic": "profile_pic/default.png", "address": "3-84, Shet House", "contact_1": "1234567890", "contact_2": "2342432424", "email": "asdf@gmail.com", "gaurdian_name": "asdf", "guardian_contact": "6787654567", "college": 1, "course": 1, "semester": 4, "register_no": "AW20-002", "start_date": "2020-10-17", "end_date": "2020-10-17", "from_time": "15:59:20", "to_time": "15:59:20", "frontend": 1, "backend": 2, "actual_fees": 3.0, "concession": 4.0, "date_of_workshop": "2020-10-17", "no_of_days": 4, "no_of_hours": 4}}, {"model": "programs.academicworkshop", "pk": 4, "fields": {"name": "musab", "profile_pic": "profile_pic/default.png", "address": "3-84, Shet House", "contact_1": "1234567890", "contact_2": "2342432424", "email": "tamim@gmail.com", "gaurdian_name": "asdf", "guardian_contact": "6787654567", "college": 1, "course": 1, "semester": 4, "register_no": "AW20-003", "start_date": "2020-10-21", "end_date": "2020-10-21", "from_time": "09:35:00", "to_time": "09:35:00", "frontend": 1, "backend": 1, "actual_fees": 4.0, "concession": 4.0, "date_of_workshop": "2020-10-21", "no_of_days": 3, "no_of_hours": 3}}, {"model": "programs.cognitiveworkshop", "pk": 1, "fields": {"name": "musab", "profile_pic": "profile_pic/default.png", "address": "3-84, Shet House", "contact_1": "1234567890", "contact_2": "", "email": "", "gaurdian_name": "asdf", "guardian_contact": "6787654567", "college": 1, "course": 1, "semester": 2, "register_no": "CW20-001", "start_date": "2020-10-21", "end_date": "2020-10-28", "from_time": "08:54:00", "to_time": "08:54:00", "frontend": 1, "backend": 1, "actual_fees": 3.0, "concession": 3.0, "date_of_workshop": "2020-10-21", "no_of_days": 3, "no_of_hours": 5}}, {"model": "programs.cognitiveworkshop", "pk": 2, "fields": {"name": "musab", "profile_pic": "profile_pic/default.png", "address": "3-84, Shet House", "contact_1": "1234567890", "contact_2": "", "email": "", "gaurdian_name": "asdf", "guardian_contact": "6787654567", "college": 1, "course": 1, "semester": 2, "register_no": "CW20-002", "start_date": "2020-10-21", "end_date": "2020-10-28", "from_time": "08:54:00", "to_time": "08:54:00", "frontend": 1, "backend": 1, "actual_fees": 3.0, "concession": 3.0, "date_of_workshop": "2020-10-21", "no_of_days": 3, "no_of_hours": 5}}, {"model": "programs.cognitiveworkshop", "pk": 3, "fields": {"name": "musab", "profile_pic": "profile_pic/default.png", "address": "3-84, Shet House", "contact_1": "1234567890", "contact_2": "", "email": "", "gaurdian_name": "asdf", "guardian_contact": "6787654567", "college": 1, "course": 1, "semester": 2, "register_no": "CW20-003", "start_date": "2020-10-21", "end_date": "2020-10-28", "from_time": "08:54:00", "to_time": "08:54:00", "frontend": 1, "backend": 1, "actual_fees": 3.0, "concession": 3.0, "date_of_workshop": "2020-10-21", "no_of_days": 3, "no_of_hours": 5}}, {"model": "student_projects.sslc", "pk": 1, "fields": {"name": "Kanachur Public School"}}, {"model": "student_projects.sslc", "pk": 2, "fields": {"name": "Peace Public School"}}, {"model": "student_projects.puc", "pk": 1, "fields": {"name": "St. Aloysius PU College"}}, {"model": "student_projects.puc", "pk": 2, "fields": {"name": "Kunil PU College"}}, {"model": "student_projects.studentproject", "pk": 1, "fields": {"name": "musab", "profile_pic": "profile_pic/default.png", "address": "3-84, Shet House", "contact_1": "1234567890", "contact_2": null, "email": null, "gaurdian_name": "asdf", "guardian_contact": "6787654567", "is_whatsapp_contact_1": true, "is_whatsapp_contact_2": true, "course": 1, "stream": 1, "college": 1, "college_register_no": "asf", "title": "Hello World", "description": "asdfsdfa", "company": 1, "client_name": "adsf", "client_contact": "1234567890", "client_email": "a@gmail.com", "frontend": 1, "backend": 1, "role": "Coder", "from_date": "2020-10-22", "to_date": "2020-10-22", "sslc": 1, "sslc_percentage": 4.0, "sslc_backlog": false, "puc": 1, "puc_percentage": 3.0, "puc_backlog": false, "degree": 1, "degree_percentage": 4.0, "degree_backlog": false, "additional_qualifications": "sadf", "extracurricular_activities": "asdf", "register_no": "1"}}, {"model": "student_projects.studentproject", "pk": 2, "fields": {"name": "sdfasdf", "profile_pic": "profile_pic/default.png", "address": "3-84, Shet House", "contact_1": "1234567890", "contact_2": null, "email": null, "gaurdian_name": "asdf", "guardian_contact": "6787654567", "is_whatsapp_contact_1": false, "is_whatsapp_contact_2": false, "course": 1, "stream": 1, "college": 1, "college_register_no": "asf", "title": "Hello World", "description": "adfs", "company": 1, "client_name": "adsf", "client_contact": "1234567890", "client_email": "a@gmail.com", "frontend": 1, "backend": 1, "role": "Coder", "from_date": "2020-10-22", "to_date": "2020-10-22", "sslc": 1, "sslc_percentage": 3.0, "sslc_backlog": false, "puc": 1, "puc_percentage": 4.5, "puc_backlog": false, "degree": 1, "degree_percentage": 4.0, "degree_backlog": false, "additional_qualifications": "asdf", "extracurricular_activities": "asdfafa", "register_no": "SP20-002"}}, {"model": "student_projects.studentproject", "pk": 3, "fields": {"name": "musab", "profile_pic": "profile_pic/_20150701_204915.JPG", "address": "3-84, Shet House", "contact_1": "1234567890", "contact_2": "2342432424", "email": "asdf@gmail.com", "gaurdian_name": "asdf", "guardian_contact": "6787654567", "is_whatsapp_contact_1": true, "is_whatsapp_contact_2": false, "course": 1, "stream": 1, "college": 1, "college_register_no": "asf", "title": "Hello World", "description": "dsfsd", "company": 1, "client_name": "adsf", "client_contact": "1234567890", "client_email": "a@gmail.com", "frontend": 1, "backend": 1, "role": "Coder", "from_date": "2020-09-29", "to_date": "2020-10-30", "sslc": 1, "sslc_percentage": 4.0, "sslc_backlog": false, "puc": 1, "puc_percentage": 5.0, "puc_backlog": false, "degree": 1, "degree_percentage": 5.0, "degree_backlog": false, "additional_qualifications": "dss", "extracurricular_activities": "adasd", "register_no": "SP20-003"}}]